SBCL;CL-JSON;READ;run;0.048923
SBCL;CL-JSON;READ;user;0.048504
SBCL;CL-JSON;READ;sys;0.000419
SBCL;CL-JSON;READ;mem;25133472
SBCL;CL-JSON;READ;run;0.049086
SBCL;CL-JSON;READ;user;0.049086
SBCL;CL-JSON;READ;sys;0.000000
SBCL;CL-JSON;READ;mem;25133472
SBCL;CL-JSON;READ;run;0.051054
SBCL;CL-JSON;READ;user;0.041838
SBCL;CL-JSON;READ;sys;0.009216
SBCL;CL-JSON;READ;mem;25133472
SBCL;CL-JSON;READ;run;0.049374
SBCL;CL-JSON;READ;user;0.049374
SBCL;CL-JSON;READ;sys;0.000000
SBCL;CL-JSON;READ;mem;25133472
SBCL;CL-JSON;READ;run;0.047891
SBCL;CL-JSON;READ;user;0.047891
SBCL;CL-JSON;READ;sys;0.000000
SBCL;CL-JSON;READ;mem;25133472
SBCL;CL-JSON;READ;run;0.048165
SBCL;CL-JSON;READ;user;0.048165
SBCL;CL-JSON;READ;sys;0.000000
SBCL;CL-JSON;READ;mem;25133472
SBCL;CL-JSON;READ;run;0.047869
SBCL;CL-JSON;READ;user;0.047869
SBCL;CL-JSON;READ;sys;0.000000
SBCL;CL-JSON;READ;mem;25133472
SBCL;CL-JSON;READ;run;0.048465
SBCL;CL-JSON;READ;user;0.048322
SBCL;CL-JSON;READ;sys;0.000143
SBCL;CL-JSON;READ;mem;25133472
SBCL;CL-JSON;READ;run;0.047911
SBCL;CL-JSON;READ;user;0.047911
SBCL;CL-JSON;READ;sys;0.000000
SBCL;CL-JSON;READ;mem;25133472
SBCL;CL-JSON;WRITE;run;0.161883
SBCL;CL-JSON;WRITE;user;0.126594
SBCL;CL-JSON;WRITE;sys;0.035289
SBCL;CL-JSON;WRITE;mem;85594656
SBCL;CL-JSON;WRITE;run;0.155625
SBCL;CL-JSON;WRITE;user;0.123722
SBCL;CL-JSON;WRITE;sys;0.031903
SBCL;CL-JSON;WRITE;mem;84349200
SBCL;CL-JSON;WRITE;run;0.155270
SBCL;CL-JSON;WRITE;user;0.128181
SBCL;CL-JSON;WRITE;sys;0.027089
SBCL;CL-JSON;WRITE;mem;84349200
SBCL;CL-JSON;WRITE;run;0.152756
SBCL;CL-JSON;WRITE;user;0.120471
SBCL;CL-JSON;WRITE;sys;0.032285
SBCL;CL-JSON;WRITE;mem;84349200
SBCL;CL-JSON;WRITE;run;0.153196
SBCL;CL-JSON;WRITE;user;0.101473
SBCL;CL-JSON;WRITE;sys;0.051723
SBCL;CL-JSON;WRITE;mem;84349200
SBCL;CL-JSON;WRITE;run;0.156609
SBCL;CL-JSON;WRITE;user;0.133017
SBCL;CL-JSON;WRITE;sys;0.023592
SBCL;CL-JSON;WRITE;mem;84349200
SBCL;CL-JSON;WRITE;run;0.155470
SBCL;CL-JSON;WRITE;user;0.123616
SBCL;CL-JSON;WRITE;sys;0.031854
SBCL;CL-JSON;WRITE;mem;84349200
SBCL;CL-JSON;WRITE;run;0.154111
SBCL;CL-JSON;WRITE;user;0.116063
SBCL;CL-JSON;WRITE;sys;0.038048
SBCL;CL-JSON;WRITE;mem;84349200
SBCL;CL-JSON;WRITE;run;0.154743
SBCL;CL-JSON;WRITE;user;0.146435
SBCL;CL-JSON;WRITE;sys;0.008308
SBCL;CL-JSON;WRITE;mem;84349200
SBCL;JONATHAN;READ;run;0.010145
SBCL;JONATHAN;READ;user;0.010145
SBCL;JONATHAN;READ;sys;0.000000
SBCL;JONATHAN;READ;mem;10101296
SBCL;JONATHAN;READ;run;0.010052
SBCL;JONATHAN;READ;user;0.010052
SBCL;JONATHAN;READ;sys;0.000000
SBCL;JONATHAN;READ;mem;10101312
SBCL;JONATHAN;READ;run;0.009959
SBCL;JONATHAN;READ;user;0.009959
SBCL;JONATHAN;READ;sys;0.000000
SBCL;JONATHAN;READ;mem;10101296
SBCL;JONATHAN;READ;run;0.010106
SBCL;JONATHAN;READ;user;0.010106
SBCL;JONATHAN;READ;sys;0.000000
SBCL;JONATHAN;READ;mem;10101312
SBCL;JONATHAN;READ;run;0.010004
SBCL;JONATHAN;READ;user;0.010004
SBCL;JONATHAN;READ;sys;0.000000
SBCL;JONATHAN;READ;mem;10101296
SBCL;JONATHAN;READ;run;0.009795
SBCL;JONATHAN;READ;user;0.009795
SBCL;JONATHAN;READ;sys;0.000000
SBCL;JONATHAN;READ;mem;10101312
SBCL;JONATHAN;READ;run;0.010353
SBCL;JONATHAN;READ;user;0.010353
SBCL;JONATHAN;READ;sys;0.000000
SBCL;JONATHAN;READ;mem;10101296
SBCL;JONATHAN;READ;run;0.009775
SBCL;JONATHAN;READ;user;0.009775
SBCL;JONATHAN;READ;sys;0.000000
SBCL;JONATHAN;READ;mem;10101312
SBCL;JONATHAN;READ;run;0.010039
SBCL;JONATHAN;READ;user;0.010039
SBCL;JONATHAN;READ;sys;0.000000
SBCL;JONATHAN;READ;mem;10101296
SBCL;JONATHAN;WRITE;run;0.029248
SBCL;JONATHAN;WRITE;user;0.028902
SBCL;JONATHAN;WRITE;sys;0.000346
SBCL;JONATHAN;WRITE;mem;12599200
SBCL;JONATHAN;WRITE;run;0.024521
SBCL;JONATHAN;WRITE;user;0.024521
SBCL;JONATHAN;WRITE;sys;0.000000
SBCL;JONATHAN;WRITE;mem;10501536
SBCL;JONATHAN;WRITE;run;0.024641
SBCL;JONATHAN;WRITE;user;0.024641
SBCL;JONATHAN;WRITE;sys;0.000000
SBCL;JONATHAN;WRITE;mem;10501536
SBCL;JONATHAN;WRITE;run;0.025185
SBCL;JONATHAN;WRITE;user;0.025185
SBCL;JONATHAN;WRITE;sys;0.000000
SBCL;JONATHAN;WRITE;mem;10501536
SBCL;JONATHAN;WRITE;run;0.024926
SBCL;JONATHAN;WRITE;user;0.024875
SBCL;JONATHAN;WRITE;sys;0.000051
SBCL;JONATHAN;WRITE;mem;10501536
SBCL;JONATHAN;WRITE;run;0.025133
SBCL;JONATHAN;WRITE;user;0.025133
SBCL;JONATHAN;WRITE;sys;0.000000
SBCL;JONATHAN;WRITE;mem;10501536
SBCL;JONATHAN;WRITE;run;0.025557
SBCL;JONATHAN;WRITE;user;0.025557
SBCL;JONATHAN;WRITE;sys;0.000000
SBCL;JONATHAN;WRITE;mem;10501536
SBCL;JONATHAN;WRITE;run;0.024973
SBCL;JONATHAN;WRITE;user;0.024973
SBCL;JONATHAN;WRITE;sys;0.000000
SBCL;JONATHAN;WRITE;mem;10501536
SBCL;JONATHAN;WRITE;run;0.024855
SBCL;JONATHAN;WRITE;user;0.024855
SBCL;JONATHAN;WRITE;sys;0.000000
SBCL;JONATHAN;WRITE;mem;10501536
SBCL;JSON-STREAMS;READ;run;0.098415
SBCL;JSON-STREAMS;READ;user;0.098415
SBCL;JSON-STREAMS;READ;sys;0.000000
SBCL;JSON-STREAMS;READ;mem;10651840
SBCL;JSON-STREAMS;READ;run;0.099744
SBCL;JSON-STREAMS;READ;user;0.099744
SBCL;JSON-STREAMS;READ;sys;0.000000
SBCL;JSON-STREAMS;READ;mem;10651840
SBCL;JSON-STREAMS;READ;run;0.097216
SBCL;JSON-STREAMS;READ;user;0.097216
SBCL;JSON-STREAMS;READ;sys;0.000000
SBCL;JSON-STREAMS;READ;mem;10651840
SBCL;JSON-STREAMS;READ;run;0.099175
SBCL;JSON-STREAMS;READ;user;0.099175
SBCL;JSON-STREAMS;READ;sys;0.000000
SBCL;JSON-STREAMS;READ;mem;10651840
SBCL;JSON-STREAMS;READ;run;0.098495
SBCL;JSON-STREAMS;READ;user;0.098495
SBCL;JSON-STREAMS;READ;sys;0.000000
SBCL;JSON-STREAMS;READ;mem;10651840
SBCL;JSON-STREAMS;READ;run;0.099940
SBCL;JSON-STREAMS;READ;user;0.099936
SBCL;JSON-STREAMS;READ;sys;0.000004
SBCL;JSON-STREAMS;READ;mem;10651840
SBCL;JSON-STREAMS;READ;run;0.097720
SBCL;JSON-STREAMS;READ;user;0.097720
SBCL;JSON-STREAMS;READ;sys;0.000000
SBCL;JSON-STREAMS;READ;mem;10651840
SBCL;JSON-STREAMS;READ;run;0.100110
SBCL;JSON-STREAMS;READ;user;0.100110
SBCL;JSON-STREAMS;READ;sys;0.000000
SBCL;JSON-STREAMS;READ;mem;10651840
SBCL;JSON-STREAMS;READ;run;0.100374
SBCL;JSON-STREAMS;READ;user;0.100263
SBCL;JSON-STREAMS;READ;sys;0.000111
SBCL;JSON-STREAMS;READ;mem;10651840
SBCL;JSON-STREAMS;WRITE;run;0.031681
SBCL;JSON-STREAMS;WRITE;user;0.031681
SBCL;JSON-STREAMS;WRITE;sys;0.000000
SBCL;JSON-STREAMS;WRITE;mem;13658384
SBCL;JSON-STREAMS;WRITE;run;0.028849
SBCL;JSON-STREAMS;WRITE;user;0.028849
SBCL;JSON-STREAMS;WRITE;sys;0.000000
SBCL;JSON-STREAMS;WRITE;mem;12245952
SBCL;JSON-STREAMS;WRITE;run;0.028007
SBCL;JSON-STREAMS;WRITE;user;0.028007
SBCL;JSON-STREAMS;WRITE;sys;0.000000
SBCL;JSON-STREAMS;WRITE;mem;12245952
SBCL;JSON-STREAMS;WRITE;run;0.028923
SBCL;JSON-STREAMS;WRITE;user;0.028923
SBCL;JSON-STREAMS;WRITE;sys;0.000000
SBCL;JSON-STREAMS;WRITE;mem;12245952
SBCL;JSON-STREAMS;WRITE;run;0.028908
SBCL;JSON-STREAMS;WRITE;user;0.028908
SBCL;JSON-STREAMS;WRITE;sys;0.000000
SBCL;JSON-STREAMS;WRITE;mem;12245952
SBCL;JSON-STREAMS;WRITE;run;0.028478
SBCL;JSON-STREAMS;WRITE;user;0.028478
SBCL;JSON-STREAMS;WRITE;sys;0.000000
SBCL;JSON-STREAMS;WRITE;mem;12245952
SBCL;JSON-STREAMS;WRITE;run;0.028648
SBCL;JSON-STREAMS;WRITE;user;0.028648
SBCL;JSON-STREAMS;WRITE;sys;0.000000
SBCL;JSON-STREAMS;WRITE;mem;12245952
SBCL;JSON-STREAMS;WRITE;run;0.028356
SBCL;JSON-STREAMS;WRITE;user;0.028266
SBCL;JSON-STREAMS;WRITE;sys;0.000090
SBCL;JSON-STREAMS;WRITE;mem;12245952
SBCL;JSON-STREAMS;WRITE;run;0.028435
SBCL;JSON-STREAMS;WRITE;user;0.028435
SBCL;JSON-STREAMS;WRITE;sys;0.000000
SBCL;JSON-STREAMS;WRITE;mem;12245952
SBCL;JSOWN;READ;run;0.011726
SBCL;JSOWN;READ;user;0.011726
SBCL;JSOWN;READ;sys;0.000000
SBCL;JSOWN;READ;mem;3537584
SBCL;JSOWN;READ;run;0.011566
SBCL;JSOWN;READ;user;0.011566
SBCL;JSOWN;READ;sys;0.000000
SBCL;JSOWN;READ;mem;3527984
SBCL;JSOWN;READ;run;0.011497
SBCL;JSOWN;READ;user;0.011497
SBCL;JSOWN;READ;sys;0.000000
SBCL;JSOWN;READ;mem;3527984
SBCL;JSOWN;READ;run;0.011543
SBCL;JSOWN;READ;user;0.011543
SBCL;JSOWN;READ;sys;0.000000
SBCL;JSOWN;READ;mem;3527984
SBCL;JSOWN;READ;run;0.011432
SBCL;JSOWN;READ;user;0.011432
SBCL;JSOWN;READ;sys;0.000000
SBCL;JSOWN;READ;mem;3527984
SBCL;JSOWN;READ;run;0.011804
SBCL;JSOWN;READ;user;0.011804
SBCL;JSOWN;READ;sys;0.000000
SBCL;JSOWN;READ;mem;3527984
SBCL;JSOWN;READ;run;0.011520
SBCL;JSOWN;READ;user;0.011520
SBCL;JSOWN;READ;sys;0.000000
SBCL;JSOWN;READ;mem;3527984
SBCL;JSOWN;READ;run;0.011674
SBCL;JSOWN;READ;user;0.011674
SBCL;JSOWN;READ;sys;0.000000
SBCL;JSOWN;READ;mem;3527984
SBCL;JSOWN;READ;run;0.011429
SBCL;JSOWN;READ;user;0.011341
SBCL;JSOWN;READ;sys;0.000088
SBCL;JSOWN;READ;mem;3527984
SBCL;JSOWN;WRITE;run;0.024440
SBCL;JSOWN;WRITE;user;0.024440
SBCL;JSOWN;WRITE;sys;0.000000
SBCL;JSOWN;WRITE;mem;27756608
SBCL;JSOWN;WRITE;run;0.022149
SBCL;JSOWN;WRITE;user;0.022149
SBCL;JSOWN;WRITE;sys;0.000000
SBCL;JSOWN;WRITE;mem;26600880
SBCL;JSOWN;WRITE;run;0.022198
SBCL;JSOWN;WRITE;user;0.022198
SBCL;JSOWN;WRITE;sys;0.000000
SBCL;JSOWN;WRITE;mem;26600880
SBCL;JSOWN;WRITE;run;0.021693
SBCL;JSOWN;WRITE;user;0.021693
SBCL;JSOWN;WRITE;sys;0.000000
SBCL;JSOWN;WRITE;mem;26600880
SBCL;JSOWN;WRITE;run;0.021899
SBCL;JSOWN;WRITE;user;0.021899
SBCL;JSOWN;WRITE;sys;0.000000
SBCL;JSOWN;WRITE;mem;26600880
SBCL;JSOWN;WRITE;run;0.022023
SBCL;JSOWN;WRITE;user;0.022023
SBCL;JSOWN;WRITE;sys;0.000000
SBCL;JSOWN;WRITE;mem;26600880
SBCL;JSOWN;WRITE;run;0.021924
SBCL;JSOWN;WRITE;user;0.021924
SBCL;JSOWN;WRITE;sys;0.000000
SBCL;JSOWN;WRITE;mem;26600880
SBCL;JSOWN;WRITE;run;0.021758
SBCL;JSOWN;WRITE;user;0.021758
SBCL;JSOWN;WRITE;sys;0.000000
SBCL;JSOWN;WRITE;mem;26600880
SBCL;JSOWN;WRITE;run;0.022150
SBCL;JSOWN;WRITE;user;0.022150
SBCL;JSOWN;WRITE;sys;0.000000
SBCL;JSOWN;WRITE;mem;26600880
SBCL;JZON;READ;run;0.030473
SBCL;JZON;READ;user;0.030473
SBCL;JZON;READ;sys;0.000000
SBCL;JZON;READ;mem;7199792
SBCL;JZON;READ;run;0.030757
SBCL;JZON;READ;user;0.030757
SBCL;JZON;READ;sys;0.000000
SBCL;JZON;READ;mem;7199792
SBCL;JZON;READ;run;0.030413
SBCL;JZON;READ;user;0.028684
SBCL;JZON;READ;sys;0.001729
SBCL;JZON;READ;mem;7199792
SBCL;JZON;READ;run;0.030663
SBCL;JZON;READ;user;0.030501
SBCL;JZON;READ;sys;0.000162
SBCL;JZON;READ;mem;7199792
SBCL;JZON;READ;run;0.030439
SBCL;JZON;READ;user;0.030324
SBCL;JZON;READ;sys;0.000115
SBCL;JZON;READ;mem;7199792
SBCL;JZON;READ;run;0.030403
SBCL;JZON;READ;user;0.030312
SBCL;JZON;READ;sys;0.000091
SBCL;JZON;READ;mem;7199792
SBCL;JZON;READ;run;0.030603
SBCL;JZON;READ;user;0.030603
SBCL;JZON;READ;sys;0.000000
SBCL;JZON;READ;mem;7199792
SBCL;JZON;READ;run;0.031494
SBCL;JZON;READ;user;0.031494
SBCL;JZON;READ;sys;0.000000
SBCL;JZON;READ;mem;7199792
SBCL;JZON;READ;run;0.030509
SBCL;JZON;READ;user;0.028796
SBCL;JZON;READ;sys;0.001713
SBCL;JZON;READ;mem;7199792
SBCL;JZON;WRITE;run;0.020676
SBCL;JZON;WRITE;user;0.020676
SBCL;JZON;WRITE;sys;0.000000
SBCL;JZON;WRITE;mem;3753104
SBCL;JZON;WRITE;run;0.015318
SBCL;JZON;WRITE;user;0.015318
SBCL;JZON;WRITE;sys;0.000000
SBCL;JZON;WRITE;mem;1270528
SBCL;JZON;WRITE;run;0.015679
SBCL;JZON;WRITE;user;0.015679
SBCL;JZON;WRITE;sys;0.000000
SBCL;JZON;WRITE;mem;1270528
SBCL;JZON;WRITE;run;0.015646
SBCL;JZON;WRITE;user;0.015646
SBCL;JZON;WRITE;sys;0.000000
SBCL;JZON;WRITE;mem;1270528
SBCL;JZON;WRITE;run;0.015579
SBCL;JZON;WRITE;user;0.015579
SBCL;JZON;WRITE;sys;0.000000
SBCL;JZON;WRITE;mem;1270528
SBCL;JZON;WRITE;run;0.015740
SBCL;JZON;WRITE;user;0.015740
SBCL;JZON;WRITE;sys;0.000000
SBCL;JZON;WRITE;mem;1270528
SBCL;JZON;WRITE;run;0.015479
SBCL;JZON;WRITE;user;0.015479
SBCL;JZON;WRITE;sys;0.000000
SBCL;JZON;WRITE;mem;1270528
SBCL;JZON;WRITE;run;0.015895
SBCL;JZON;WRITE;user;0.015895
SBCL;JZON;WRITE;sys;0.000000
SBCL;JZON;WRITE;mem;1270528
SBCL;JZON;WRITE;run;0.015515
SBCL;JZON;WRITE;user;0.015515
SBCL;JZON;WRITE;sys;0.000000
SBCL;JZON;WRITE;mem;1270528
SBCL;RS-JSON;READ;run;0.036307
SBCL;RS-JSON;READ;user;0.036307
SBCL;RS-JSON;READ;sys;0.000000
SBCL;RS-JSON;READ;mem;4545056
SBCL;RS-JSON;READ;run;0.036358
SBCL;RS-JSON;READ;user;0.036358
SBCL;RS-JSON;READ;sys;0.000000
SBCL;RS-JSON;READ;mem;4545040
SBCL;RS-JSON;READ;run;0.036178
SBCL;RS-JSON;READ;user;0.036178
SBCL;RS-JSON;READ;sys;0.000000
SBCL;RS-JSON;READ;mem;4545056
SBCL;RS-JSON;READ;run;0.036525
SBCL;RS-JSON;READ;user;0.036525
SBCL;RS-JSON;READ;sys;0.000000
SBCL;RS-JSON;READ;mem;4545040
SBCL;RS-JSON;READ;run;0.036452
SBCL;RS-JSON;READ;user;0.036452
SBCL;RS-JSON;READ;sys;0.000000
SBCL;RS-JSON;READ;mem;4545056
SBCL;RS-JSON;READ;run;0.036261
SBCL;RS-JSON;READ;user;0.036261
SBCL;RS-JSON;READ;sys;0.000000
SBCL;RS-JSON;READ;mem;4545040
SBCL;RS-JSON;READ;run;0.036269
SBCL;RS-JSON;READ;user;0.036219
SBCL;RS-JSON;READ;sys;0.000050
SBCL;RS-JSON;READ;mem;4545056
SBCL;RS-JSON;READ;run;0.036606
SBCL;RS-JSON;READ;user;0.036606
SBCL;RS-JSON;READ;sys;0.000000
SBCL;RS-JSON;READ;mem;4545040
SBCL;RS-JSON;READ;run;0.036567
SBCL;RS-JSON;READ;user;0.036567
SBCL;RS-JSON;READ;sys;0.000000
SBCL;RS-JSON;READ;mem;4545056
SBCL;RS-JSON;WRITE;run;0.018654
SBCL;RS-JSON;WRITE;user;0.018654
SBCL;RS-JSON;WRITE;sys;0.000000
SBCL;RS-JSON;WRITE;mem;3854672
SBCL;RS-JSON;WRITE;run;0.011510
SBCL;RS-JSON;WRITE;user;0.011495
SBCL;RS-JSON;WRITE;sys;0.000015
SBCL;RS-JSON;WRITE;mem;589680
SBCL;RS-JSON;WRITE;run;0.011884
SBCL;RS-JSON;WRITE;user;0.011884
SBCL;RS-JSON;WRITE;sys;0.000000
SBCL;RS-JSON;WRITE;mem;589680
SBCL;RS-JSON;WRITE;run;0.011569
SBCL;RS-JSON;WRITE;user;0.011569
SBCL;RS-JSON;WRITE;sys;0.000000
SBCL;RS-JSON;WRITE;mem;589680
SBCL;RS-JSON;WRITE;run;0.012133
SBCL;RS-JSON;WRITE;user;0.012133
SBCL;RS-JSON;WRITE;sys;0.000000
SBCL;RS-JSON;WRITE;mem;589680
SBCL;RS-JSON;WRITE;run;0.011561
SBCL;RS-JSON;WRITE;user;0.011561
SBCL;RS-JSON;WRITE;sys;0.000000
SBCL;RS-JSON;WRITE;mem;589680
SBCL;RS-JSON;WRITE;run;0.011828
SBCL;RS-JSON;WRITE;user;0.011828
SBCL;RS-JSON;WRITE;sys;0.000000
SBCL;RS-JSON;WRITE;mem;589680
SBCL;RS-JSON;WRITE;run;0.011708
SBCL;RS-JSON;WRITE;user;0.011708
SBCL;RS-JSON;WRITE;sys;0.000000
SBCL;RS-JSON;WRITE;mem;589680
SBCL;RS-JSON;WRITE;run;0.011712
SBCL;RS-JSON;WRITE;user;0.011712
SBCL;RS-JSON;WRITE;sys;0.000000
SBCL;RS-JSON;WRITE;mem;589680
SBCL;SHASHT;READ;run;0.026145
SBCL;SHASHT;READ;user;0.026075
SBCL;SHASHT;READ;sys;0.000070
SBCL;SHASHT;READ;mem;15863440
SBCL;SHASHT;READ;run;0.026781
SBCL;SHASHT;READ;user;0.026781
SBCL;SHASHT;READ;sys;0.000000
SBCL;SHASHT;READ;mem;15863440
SBCL;SHASHT;READ;run;0.026295
SBCL;SHASHT;READ;user;0.026295
SBCL;SHASHT;READ;sys;0.000000
SBCL;SHASHT;READ;mem;15863440
SBCL;SHASHT;READ;run;0.026191
SBCL;SHASHT;READ;user;0.026191
SBCL;SHASHT;READ;sys;0.000000
SBCL;SHASHT;READ;mem;15863440
SBCL;SHASHT;READ;run;0.026582
SBCL;SHASHT;READ;user;0.026582
SBCL;SHASHT;READ;sys;0.000000
SBCL;SHASHT;READ;mem;15863440
SBCL;SHASHT;READ;run;0.026276
SBCL;SHASHT;READ;user;0.026276
SBCL;SHASHT;READ;sys;0.000000
SBCL;SHASHT;READ;mem;15863440
SBCL;SHASHT;READ;run;0.026316
SBCL;SHASHT;READ;user;0.026316
SBCL;SHASHT;READ;sys;0.000000
SBCL;SHASHT;READ;mem;15863440
SBCL;SHASHT;READ;run;0.026904
SBCL;SHASHT;READ;user;0.026904
SBCL;SHASHT;READ;sys;0.000000
SBCL;SHASHT;READ;mem;15863440
SBCL;SHASHT;READ;run;0.026835
SBCL;SHASHT;READ;user;0.026835
SBCL;SHASHT;READ;sys;0.000000
SBCL;SHASHT;READ;mem;15863440
SBCL;SHASHT;WRITE;run;0.029491
SBCL;SHASHT;WRITE;user;0.029491
SBCL;SHASHT;WRITE;sys;0.000000
SBCL;SHASHT;WRITE;mem;13025520
SBCL;SHASHT;WRITE;run;0.026306
SBCL;SHASHT;WRITE;user;0.026306
SBCL;SHASHT;WRITE;sys;0.000000
SBCL;SHASHT;WRITE;mem;11913184
SBCL;SHASHT;WRITE;run;0.026514
SBCL;SHASHT;WRITE;user;0.026514
SBCL;SHASHT;WRITE;sys;0.000000
SBCL;SHASHT;WRITE;mem;11913184
SBCL;SHASHT;WRITE;run;0.026287
SBCL;SHASHT;WRITE;user;0.026287
SBCL;SHASHT;WRITE;sys;0.000000
SBCL;SHASHT;WRITE;mem;11913184
SBCL;SHASHT;WRITE;run;0.026750
SBCL;SHASHT;WRITE;user;0.026750
SBCL;SHASHT;WRITE;sys;0.000000
SBCL;SHASHT;WRITE;mem;11913184
SBCL;SHASHT;WRITE;run;0.026662
SBCL;SHASHT;WRITE;user;0.026662
SBCL;SHASHT;WRITE;sys;0.000000
SBCL;SHASHT;WRITE;mem;11913184
SBCL;SHASHT;WRITE;run;0.026726
SBCL;SHASHT;WRITE;user;0.026726
SBCL;SHASHT;WRITE;sys;0.000000
SBCL;SHASHT;WRITE;mem;11913184
SBCL;SHASHT;WRITE;run;0.026786
SBCL;SHASHT;WRITE;user;0.026786
SBCL;SHASHT;WRITE;sys;0.000000
SBCL;SHASHT;WRITE;mem;11913184
SBCL;SHASHT;WRITE;run;0.026312
SBCL;SHASHT;WRITE;user;0.026312
SBCL;SHASHT;WRITE;sys;0.000000
SBCL;SHASHT;WRITE;mem;11913184
SBCL;ST-JSON;READ;run;0.062843
SBCL;ST-JSON;READ;user;0.062843
SBCL;ST-JSON;READ;sys;0.000000
SBCL;ST-JSON;READ;mem;9162576
SBCL;ST-JSON;READ;run;0.062412
SBCL;ST-JSON;READ;user;0.062412
SBCL;ST-JSON;READ;sys;0.000000
SBCL;ST-JSON;READ;mem;9162576
SBCL;ST-JSON;READ;run;0.062949
SBCL;ST-JSON;READ;user;0.062949
SBCL;ST-JSON;READ;sys;0.000000
SBCL;ST-JSON;READ;mem;9162576
SBCL;ST-JSON;READ;run;0.063451
SBCL;ST-JSON;READ;user;0.063451
SBCL;ST-JSON;READ;sys;0.000000
SBCL;ST-JSON;READ;mem;9162576
SBCL;ST-JSON;READ;run;0.063027
SBCL;ST-JSON;READ;user;0.063027
SBCL;ST-JSON;READ;sys;0.000000
SBCL;ST-JSON;READ;mem;9162576
SBCL;ST-JSON;READ;run;0.063362
SBCL;ST-JSON;READ;user;0.063362
SBCL;ST-JSON;READ;sys;0.000000
SBCL;ST-JSON;READ;mem;9162576
SBCL;ST-JSON;READ;run;0.063013
SBCL;ST-JSON;READ;user;0.063013
SBCL;ST-JSON;READ;sys;0.000000
SBCL;ST-JSON;READ;mem;9162576
SBCL;ST-JSON;READ;run;0.062782
SBCL;ST-JSON;READ;user;0.062782
SBCL;ST-JSON;READ;sys;0.000000
SBCL;ST-JSON;READ;mem;9162576
SBCL;ST-JSON;READ;run;0.062536
SBCL;ST-JSON;READ;user;0.062536
SBCL;ST-JSON;READ;sys;0.000000
SBCL;ST-JSON;READ;mem;9162576
SBCL;ST-JSON;WRITE;run;0.022773
SBCL;ST-JSON;WRITE;user;0.022773
SBCL;ST-JSON;WRITE;sys;0.000000
SBCL;ST-JSON;WRITE;mem;6358128
SBCL;ST-JSON;WRITE;run;0.020056
SBCL;ST-JSON;WRITE;user;0.020056
SBCL;ST-JSON;WRITE;sys;0.000000
SBCL;ST-JSON;WRITE;mem;4856992
SBCL;ST-JSON;WRITE;run;0.020202
SBCL;ST-JSON;WRITE;user;0.020202
SBCL;ST-JSON;WRITE;sys;0.000000
SBCL;ST-JSON;WRITE;mem;4856992
SBCL;ST-JSON;WRITE;run;0.019723
SBCL;ST-JSON;WRITE;user;0.019723
SBCL;ST-JSON;WRITE;sys;0.000000
SBCL;ST-JSON;WRITE;mem;4856992
SBCL;ST-JSON;WRITE;run;0.019546
SBCL;ST-JSON;WRITE;user;0.019546
SBCL;ST-JSON;WRITE;sys;0.000000
SBCL;ST-JSON;WRITE;mem;4856992
SBCL;ST-JSON;WRITE;run;0.019692
SBCL;ST-JSON;WRITE;user;0.019692
SBCL;ST-JSON;WRITE;sys;0.000000
SBCL;ST-JSON;WRITE;mem;4856992
SBCL;ST-JSON;WRITE;run;0.019635
SBCL;ST-JSON;WRITE;user;0.019635
SBCL;ST-JSON;WRITE;sys;0.000000
SBCL;ST-JSON;WRITE;mem;4856992
SBCL;ST-JSON;WRITE;run;0.019459
SBCL;ST-JSON;WRITE;user;0.019459
SBCL;ST-JSON;WRITE;sys;0.000000
SBCL;ST-JSON;WRITE;mem;4856992
SBCL;ST-JSON;WRITE;run;0.019808
SBCL;ST-JSON;WRITE;user;0.019808
SBCL;ST-JSON;WRITE;sys;0.000000
SBCL;ST-JSON;WRITE;mem;4856992
SBCL;YASON;READ;run;0.080914
SBCL;YASON;READ;user;0.077467
SBCL;YASON;READ;sys;0.003447
SBCL;YASON;READ;mem;12927792
SBCL;YASON;READ;run;0.077725
SBCL;YASON;READ;user;0.077725
SBCL;YASON;READ;sys;0.000000
SBCL;YASON;READ;mem;12927776
SBCL;YASON;READ;run;0.077955
SBCL;YASON;READ;user;0.077668
SBCL;YASON;READ;sys;0.000287
SBCL;YASON;READ;mem;12927792
SBCL;YASON;READ;run;0.077414
SBCL;YASON;READ;user;0.077414
SBCL;YASON;READ;sys;0.000000
SBCL;YASON;READ;mem;12927776
SBCL;YASON;READ;run;0.078887
SBCL;YASON;READ;user;0.078887
SBCL;YASON;READ;sys;0.000000
SBCL;YASON;READ;mem;12927792
SBCL;YASON;READ;run;0.078514
SBCL;YASON;READ;user;0.078514
SBCL;YASON;READ;sys;0.000000
SBCL;YASON;READ;mem;12927776
SBCL;YASON;READ;run;0.077354
SBCL;YASON;READ;user;0.077354
SBCL;YASON;READ;sys;0.000000
SBCL;YASON;READ;mem;12927792
SBCL;YASON;READ;run;0.077827
SBCL;YASON;READ;user;0.077827
SBCL;YASON;READ;sys;0.000000
SBCL;YASON;READ;mem;12927776
SBCL;YASON;READ;run;0.078115
SBCL;YASON;READ;user;0.078115
SBCL;YASON;READ;sys;0.000000
SBCL;YASON;READ;mem;12927792
SBCL;YASON;WRITE;run;0.040709
SBCL;YASON;WRITE;user;0.040709
SBCL;YASON;WRITE;sys;0.000000
SBCL;YASON;WRITE;mem;8742800
SBCL;YASON;WRITE;run;0.034195
SBCL;YASON;WRITE;user;0.034195
SBCL;YASON;WRITE;sys;0.000000
SBCL;YASON;WRITE;mem;6065920
SBCL;YASON;WRITE;run;0.034430
SBCL;YASON;WRITE;user;0.034396
SBCL;YASON;WRITE;sys;0.000034
SBCL;YASON;WRITE;mem;6065920
SBCL;YASON;WRITE;run;0.033932
SBCL;YASON;WRITE;user;0.033932
SBCL;YASON;WRITE;sys;0.000000
SBCL;YASON;WRITE;mem;6065920
SBCL;YASON;WRITE;run;0.034028
SBCL;YASON;WRITE;user;0.034028
SBCL;YASON;WRITE;sys;0.000000
SBCL;YASON;WRITE;mem;6065920
SBCL;YASON;WRITE;run;0.033744
SBCL;YASON;WRITE;user;0.033734
SBCL;YASON;WRITE;sys;0.000010
SBCL;YASON;WRITE;mem;6065920
SBCL;YASON;WRITE;run;0.033963
SBCL;YASON;WRITE;user;0.033943
SBCL;YASON;WRITE;sys;0.000020
SBCL;YASON;WRITE;mem;6065920
SBCL;YASON;WRITE;run;0.033865
SBCL;YASON;WRITE;user;0.031975
SBCL;YASON;WRITE;sys;0.001890
SBCL;YASON;WRITE;mem;6065920
SBCL;YASON;WRITE;run;0.033559
SBCL;YASON;WRITE;user;0.033559
SBCL;YASON;WRITE;sys;0.000000
SBCL;YASON;WRITE;mem;6065920
CCL;CL-JSON;READ;run;0.216326
CCL;CL-JSON;READ;user;0.213087
CCL;CL-JSON;READ;sys;0.003571
CCL;CL-JSON;READ;mem;17561712
CCL;CL-JSON;READ;run;0.212701
CCL;CL-JSON;READ;user;0.212836
CCL;CL-JSON;READ;sys;0.000165
CCL;CL-JSON;READ;mem;17561712
CCL;CL-JSON;READ;run;0.223662
CCL;CL-JSON;READ;user;0.223221
CCL;CL-JSON;READ;sys;0.000274
CCL;CL-JSON;READ;mem;17561712
CCL;CL-JSON;READ;run;0.227387
CCL;CL-JSON;READ;user;0.227572
CCL;CL-JSON;READ;sys;0.000000
CCL;CL-JSON;READ;mem;17561712
CCL;CL-JSON;READ;run;0.223265
CCL;CL-JSON;READ;user;0.223512
CCL;CL-JSON;READ;sys;0.000000
CCL;CL-JSON;READ;mem;17561712
CCL;CL-JSON;READ;run;0.222941
CCL;CL-JSON;READ;user;0.222707
CCL;CL-JSON;READ;sys;0.000000
CCL;CL-JSON;READ;mem;17561712
CCL;CL-JSON;READ;run;0.219500
CCL;CL-JSON;READ;user;0.219757
CCL;CL-JSON;READ;sys;0.000000
CCL;CL-JSON;READ;mem;17561712
CCL;CL-JSON;READ;run;0.215605
CCL;CL-JSON;READ;user;0.215789
CCL;CL-JSON;READ;sys;0.000000
CCL;CL-JSON;READ;mem;17561712
CCL;CL-JSON;READ;run;0.239820
CCL;CL-JSON;READ;user;0.234521
CCL;CL-JSON;READ;sys;0.000000
CCL;CL-JSON;READ;mem;17561712
CCL;CL-JSON;WRITE;run;0.509513
CCL;CL-JSON;WRITE;user;0.473983
CCL;CL-JSON;WRITE;sys;0.032219
CCL;CL-JSON;WRITE;mem;59613136
CCL;CL-JSON;WRITE;run;0.500663
CCL;CL-JSON;WRITE;user;0.477420
CCL;CL-JSON;WRITE;sys;0.024047
CCL;CL-JSON;WRITE;mem;59607776
CCL;CL-JSON;WRITE;run;0.493598
CCL;CL-JSON;WRITE;user;0.458358
CCL;CL-JSON;WRITE;sys;0.036087
CCL;CL-JSON;WRITE;mem;59607776
CCL;CL-JSON;WRITE;run;0.494820
CCL;CL-JSON;WRITE;user;0.459498
CCL;CL-JSON;WRITE;sys;0.036111
CCL;CL-JSON;WRITE;mem;59607776
CCL;CL-JSON;WRITE;run;0.491408
CCL;CL-JSON;WRITE;user;0.468210
CCL;CL-JSON;WRITE;sys;0.024011
CCL;CL-JSON;WRITE;mem;59607776
CCL;CL-JSON;WRITE;run;0.494208
CCL;CL-JSON;WRITE;user;0.463123
CCL;CL-JSON;WRITE;sys;0.031884
CCL;CL-JSON;WRITE;mem;59607776
CCL;CL-JSON;WRITE;run;0.496620
CCL;CL-JSON;WRITE;user;0.473350
CCL;CL-JSON;WRITE;sys;0.023976
CCL;CL-JSON;WRITE;mem;59607776
CCL;CL-JSON;WRITE;run;0.504053
CCL;CL-JSON;WRITE;user;0.480815
CCL;CL-JSON;WRITE;sys;0.023986
CCL;CL-JSON;WRITE;mem;59607776
CCL;CL-JSON;WRITE;run;0.508405
CCL;CL-JSON;WRITE;user;0.485020
CCL;CL-JSON;WRITE;sys;0.024051
CCL;CL-JSON;WRITE;mem;59607776
CCL;JONATHAN;READ;run;0.026648
CCL;JONATHAN;READ;user;0.026682
CCL;JONATHAN;READ;sys;0.000000
CCL;JONATHAN;READ;mem;9804544
CCL;JONATHAN;READ;run;0.027537
CCL;JONATHAN;READ;user;0.027617
CCL;JONATHAN;READ;sys;0.000000
CCL;JONATHAN;READ;mem;9804544
CCL;JONATHAN;READ;run;0.026447
CCL;JONATHAN;READ;user;0.026517
CCL;JONATHAN;READ;sys;0.000000
CCL;JONATHAN;READ;mem;9804544
CCL;JONATHAN;READ;run;0.026798
CCL;JONATHAN;READ;user;0.026890
CCL;JONATHAN;READ;sys;0.000000
CCL;JONATHAN;READ;mem;9804544
CCL;JONATHAN;READ;run;0.026542
CCL;JONATHAN;READ;user;0.022711
CCL;JONATHAN;READ;sys;0.003913
CCL;JONATHAN;READ;mem;9804544
CCL;JONATHAN;READ;run;0.026753
CCL;JONATHAN;READ;user;0.026744
CCL;JONATHAN;READ;sys;0.000094
CCL;JONATHAN;READ;mem;9804544
CCL;JONATHAN;READ;run;0.026755
CCL;JONATHAN;READ;user;0.026832
CCL;JONATHAN;READ;sys;0.000000
CCL;JONATHAN;READ;mem;9804544
CCL;JONATHAN;READ;run;0.027784
CCL;JONATHAN;READ;user;0.027700
CCL;JONATHAN;READ;sys;0.000000
CCL;JONATHAN;READ;mem;9804544
CCL;JONATHAN;READ;run;0.027125
CCL;JONATHAN;READ;user;0.027019
CCL;JONATHAN;READ;sys;0.000000
CCL;JONATHAN;READ;mem;9804544
CCL;JONATHAN;WRITE;run;0.049545
CCL;JONATHAN;WRITE;user;0.049371
CCL;JONATHAN;WRITE;sys;0.000000
CCL;JONATHAN;WRITE;mem;11664928
CCL;JONATHAN;WRITE;run;0.050003
CCL;JONATHAN;WRITE;user;0.049820
CCL;JONATHAN;WRITE;sys;0.000000
CCL;JONATHAN;WRITE;mem;11663296
CCL;JONATHAN;WRITE;run;0.048437
CCL;JONATHAN;WRITE;user;0.048266
CCL;JONATHAN;WRITE;sys;0.000000
CCL;JONATHAN;WRITE;mem;11663296
CCL;JONATHAN;WRITE;run;0.048875
CCL;JONATHAN;WRITE;user;0.048709
CCL;JONATHAN;WRITE;sys;0.000000
CCL;JONATHAN;WRITE;mem;11663296
CCL;JONATHAN;WRITE;run;0.050566
CCL;JONATHAN;WRITE;user;0.050257
CCL;JONATHAN;WRITE;sys;0.000000
CCL;JONATHAN;WRITE;mem;11663296
CCL;JONATHAN;WRITE;run;0.051490
CCL;JONATHAN;WRITE;user;0.051277
CCL;JONATHAN;WRITE;sys;0.000000
CCL;JONATHAN;WRITE;mem;11663296
CCL;JONATHAN;WRITE;run;0.049712
CCL;JONATHAN;WRITE;user;0.049828
CCL;JONATHAN;WRITE;sys;0.000000
CCL;JONATHAN;WRITE;mem;11663296
CCL;JONATHAN;WRITE;run;0.047991
CCL;JONATHAN;WRITE;user;0.048103
CCL;JONATHAN;WRITE;sys;0.000000
CCL;JONATHAN;WRITE;mem;11663296
CCL;JONATHAN;WRITE;run;0.048633
CCL;JONATHAN;WRITE;user;0.048767
CCL;JONATHAN;WRITE;sys;0.000000
CCL;JONATHAN;WRITE;mem;11663296
CCL;JSON-STREAMS;READ;run;0.365258
CCL;JSON-STREAMS;READ;user;0.365531
CCL;JSON-STREAMS;READ;sys;0.000000
CCL;JSON-STREAMS;READ;mem;12235680
CCL;JSON-STREAMS;READ;run;0.352109
CCL;JSON-STREAMS;READ;user;0.352340
CCL;JSON-STREAMS;READ;sys;0.000000
CCL;JSON-STREAMS;READ;mem;12235680
CCL;JSON-STREAMS;READ;run;0.350974
CCL;JSON-STREAMS;READ;user;0.351197
CCL;JSON-STREAMS;READ;sys;0.000000
CCL;JSON-STREAMS;READ;mem;12235680
CCL;JSON-STREAMS;READ;run;0.352757
CCL;JSON-STREAMS;READ;user;0.352919
CCL;JSON-STREAMS;READ;sys;0.000000
CCL;JSON-STREAMS;READ;mem;12235680
CCL;JSON-STREAMS;READ;run;0.359607
CCL;JSON-STREAMS;READ;user;0.359852
CCL;JSON-STREAMS;READ;sys;0.000000
CCL;JSON-STREAMS;READ;mem;12235680
CCL;JSON-STREAMS;READ;run;0.365852
CCL;JSON-STREAMS;READ;user;0.366106
CCL;JSON-STREAMS;READ;sys;0.000000
CCL;JSON-STREAMS;READ;mem;12235680
CCL;JSON-STREAMS;READ;run;0.355288
CCL;JSON-STREAMS;READ;user;0.351754
CCL;JSON-STREAMS;READ;sys;0.003763
CCL;JSON-STREAMS;READ;mem;12235680
CCL;JSON-STREAMS;READ;run;0.356706
CCL;JSON-STREAMS;READ;user;0.356058
CCL;JSON-STREAMS;READ;sys;0.000000
CCL;JSON-STREAMS;READ;mem;12235680
CCL;JSON-STREAMS;READ;run;0.366710
CCL;JSON-STREAMS;READ;user;0.362984
CCL;JSON-STREAMS;READ;sys;0.003924
CCL;JSON-STREAMS;READ;mem;12235680
CCL;JSON-STREAMS;WRITE;run;0.206072
CCL;JSON-STREAMS;WRITE;user;0.206457
CCL;JSON-STREAMS;WRITE;sys;0.000036
CCL;JSON-STREAMS;WRITE;mem;28283200
CCL;JSON-STREAMS;WRITE;run;0.218036
CCL;JSON-STREAMS;WRITE;user;0.218311
CCL;JSON-STREAMS;WRITE;sys;0.000000
CCL;JSON-STREAMS;WRITE;mem;28281440
CCL;JSON-STREAMS;WRITE;run;0.228663
CCL;JSON-STREAMS;WRITE;user;0.228848
CCL;JSON-STREAMS;WRITE;sys;0.000000
CCL;JSON-STREAMS;WRITE;mem;28281440
CCL;JSON-STREAMS;WRITE;run;0.219353
CCL;JSON-STREAMS;WRITE;user;0.219780
CCL;JSON-STREAMS;WRITE;sys;0.000000
CCL;JSON-STREAMS;WRITE;mem;28281440
CCL;JSON-STREAMS;WRITE;run;0.221083
CCL;JSON-STREAMS;WRITE;user;0.221471
CCL;JSON-STREAMS;WRITE;sys;0.000005
CCL;JSON-STREAMS;WRITE;mem;28281440
CCL;JSON-STREAMS;WRITE;run;0.221616
CCL;JSON-STREAMS;WRITE;user;0.217743
CCL;JSON-STREAMS;WRITE;sys;0.003996
CCL;JSON-STREAMS;WRITE;mem;28281440
CCL;JSON-STREAMS;WRITE;run;0.223161
CCL;JSON-STREAMS;WRITE;user;0.218709
CCL;JSON-STREAMS;WRITE;sys;0.004004
CCL;JSON-STREAMS;WRITE;mem;28281440
CCL;JSON-STREAMS;WRITE;run;0.211098
CCL;JSON-STREAMS;WRITE;user;0.211447
CCL;JSON-STREAMS;WRITE;sys;0.000003
CCL;JSON-STREAMS;WRITE;mem;28281440
CCL;JSON-STREAMS;WRITE;run;0.214131
CCL;JSON-STREAMS;WRITE;user;0.214465
CCL;JSON-STREAMS;WRITE;sys;0.000000
CCL;JSON-STREAMS;WRITE;mem;28281440
CCL;JSOWN;READ;run;0.081153
CCL;JSOWN;READ;user;0.081239
CCL;JSOWN;READ;sys;0.000000
CCL;JSOWN;READ;mem;3279328
CCL;JSOWN;READ;run;0.082569
CCL;JSOWN;READ;user;0.082496
CCL;JSOWN;READ;sys;0.000000
CCL;JSOWN;READ;mem;3279328
CCL;JSOWN;READ;run;0.080768
CCL;JSOWN;READ;user;0.080815
CCL;JSOWN;READ;sys;0.000000
CCL;JSOWN;READ;mem;3279328
CCL;JSOWN;READ;run;0.080781
CCL;JSOWN;READ;user;0.080823
CCL;JSOWN;READ;sys;0.000000
CCL;JSOWN;READ;mem;3279328
CCL;JSOWN;READ;run;0.081050
CCL;JSOWN;READ;user;0.081053
CCL;JSOWN;READ;sys;0.000000
CCL;JSOWN;READ;mem;3279328
CCL;JSOWN;READ;run;0.081426
CCL;JSOWN;READ;user;0.077519
CCL;JSOWN;READ;sys;0.003944
CCL;JSOWN;READ;mem;3279328
CCL;JSOWN;READ;run;0.080712
CCL;JSOWN;READ;user;0.080736
CCL;JSOWN;READ;sys;0.000017
CCL;JSOWN;READ;mem;3279328
CCL;JSOWN;READ;run;0.081006
CCL;JSOWN;READ;user;0.081050
CCL;JSOWN;READ;sys;0.000000
CCL;JSOWN;READ;mem;3279328
CCL;JSOWN;READ;run;0.080564
CCL;JSOWN;READ;user;0.080608
CCL;JSOWN;READ;sys;0.000000
CCL;JSOWN;READ;mem;3279328
CCL;JSOWN;WRITE;run;0.136330
CCL;JSOWN;WRITE;user;0.136685
CCL;JSOWN;WRITE;sys;0.000007
CCL;JSOWN;WRITE;mem;25758464
CCL;JSOWN;WRITE;run;0.139088
CCL;JSOWN;WRITE;user;0.138950
CCL;JSOWN;WRITE;sys;0.000000
CCL;JSOWN;WRITE;mem;25757328
CCL;JSOWN;WRITE;run;0.137751
CCL;JSOWN;WRITE;user;0.137967
CCL;JSOWN;WRITE;sys;0.000000
CCL;JSOWN;WRITE;mem;25757328
CCL;JSOWN;WRITE;run;0.138293
CCL;JSOWN;WRITE;user;0.138596
CCL;JSOWN;WRITE;sys;0.000000
CCL;JSOWN;WRITE;mem;25757328
CCL;JSOWN;WRITE;run;0.135059
CCL;JSOWN;WRITE;user;0.135289
CCL;JSOWN;WRITE;sys;0.000075
CCL;JSOWN;WRITE;mem;25757328
CCL;JSOWN;WRITE;run;0.138382
CCL;JSOWN;WRITE;user;0.138738
CCL;JSOWN;WRITE;sys;0.000000
CCL;JSOWN;WRITE;mem;25757328
CCL;JSOWN;WRITE;run;0.136955
CCL;JSOWN;WRITE;user;0.136855
CCL;JSOWN;WRITE;sys;0.000016
CCL;JSOWN;WRITE;mem;25757328
CCL;JSOWN;WRITE;run;0.136970
CCL;JSOWN;WRITE;user;0.137128
CCL;JSOWN;WRITE;sys;0.000000
CCL;JSOWN;WRITE;mem;25757328
CCL;JSOWN;WRITE;run;0.142729
CCL;JSOWN;WRITE;user;0.143145
CCL;JSOWN;WRITE;sys;0.000000
CCL;JSOWN;WRITE;mem;25757328
CCL;RS-JSON;READ;run;0.108720
CCL;RS-JSON;READ;user;0.108983
CCL;RS-JSON;READ;sys;0.000019
CCL;RS-JSON;READ;mem;13071952
CCL;RS-JSON;READ;run;0.108496
CCL;RS-JSON;READ;user;0.108717
CCL;RS-JSON;READ;sys;0.000013
CCL;RS-JSON;READ;mem;13071952
CCL;RS-JSON;READ;run;0.108100
CCL;RS-JSON;READ;user;0.108327
CCL;RS-JSON;READ;sys;0.000005
CCL;RS-JSON;READ;mem;13071952
CCL;RS-JSON;READ;run;0.108500
CCL;RS-JSON;READ;user;0.108737
CCL;RS-JSON;READ;sys;0.000000
CCL;RS-JSON;READ;mem;13071952
CCL;RS-JSON;READ;run;0.116153
CCL;RS-JSON;READ;user;0.116378
CCL;RS-JSON;READ;sys;0.000000
CCL;RS-JSON;READ;mem;13071952
CCL;RS-JSON;READ;run;0.114648
CCL;RS-JSON;READ;user;0.110822
CCL;RS-JSON;READ;sys;0.004000
CCL;RS-JSON;READ;mem;13071952
CCL;RS-JSON;READ;run;0.124754
CCL;RS-JSON;READ;user;0.116178
CCL;RS-JSON;READ;sys;0.000087
CCL;RS-JSON;READ;mem;13071952
CCL;RS-JSON;READ;run;0.113520
CCL;RS-JSON;READ;user;0.113606
CCL;RS-JSON;READ;sys;0.000000
CCL;RS-JSON;READ;mem;13071952
CCL;RS-JSON;READ;run;0.109163
CCL;RS-JSON;READ;user;0.105322
CCL;RS-JSON;READ;sys;0.003980
CCL;RS-JSON;READ;mem;13071952
CCL;RS-JSON;WRITE;run;0.027941
CCL;RS-JSON;WRITE;user;0.023965
CCL;RS-JSON;WRITE;sys;0.003977
CCL;RS-JSON;WRITE;mem;1334080
CCL;RS-JSON;WRITE;run;0.028254
CCL;RS-JSON;WRITE;user;0.024244
CCL;RS-JSON;WRITE;sys;0.004010
CCL;RS-JSON;WRITE;mem;1330800
CCL;RS-JSON;WRITE;run;0.030033
CCL;RS-JSON;WRITE;user;0.029984
CCL;RS-JSON;WRITE;sys;0.000000
CCL;RS-JSON;WRITE;mem;1330800
CCL;RS-JSON;WRITE;run;0.029550
CCL;RS-JSON;WRITE;user;0.029394
CCL;RS-JSON;WRITE;sys;0.000000
CCL;RS-JSON;WRITE;mem;1330800
CCL;RS-JSON;WRITE;run;0.029666
CCL;RS-JSON;WRITE;user;0.029556
CCL;RS-JSON;WRITE;sys;0.000000
CCL;RS-JSON;WRITE;mem;1330800
CCL;RS-JSON;WRITE;run;0.029789
CCL;RS-JSON;WRITE;user;0.029684
CCL;RS-JSON;WRITE;sys;0.000000
CCL;RS-JSON;WRITE;mem;1330800
CCL;RS-JSON;WRITE;run;0.027782
CCL;RS-JSON;WRITE;user;0.027784
CCL;RS-JSON;WRITE;sys;0.000000
CCL;RS-JSON;WRITE;mem;1330800
CCL;RS-JSON;WRITE;run;0.028633
CCL;RS-JSON;WRITE;user;0.028634
CCL;RS-JSON;WRITE;sys;0.000000
CCL;RS-JSON;WRITE;mem;1330800
CCL;RS-JSON;WRITE;run;0.028919
CCL;RS-JSON;WRITE;user;0.024939
CCL;RS-JSON;WRITE;sys;0.003981
CCL;RS-JSON;WRITE;mem;1330800
CCL;SHASHT;READ;run;0.125064
CCL;SHASHT;READ;user;0.121578
CCL;SHASHT;READ;sys;0.003973
CCL;SHASHT;READ;mem;27205504
CCL;SHASHT;READ;run;0.119027
CCL;SHASHT;READ;user;0.119442
CCL;SHASHT;READ;sys;0.000000
CCL;SHASHT;READ;mem;27205504
CCL;SHASHT;READ;run;0.124058
CCL;SHASHT;READ;user;0.124478
CCL;SHASHT;READ;sys;0.000007
CCL;SHASHT;READ;mem;27205504
CCL;SHASHT;READ;run;0.113464
CCL;SHASHT;READ;user;0.113894
CCL;SHASHT;READ;sys;0.000013
CCL;SHASHT;READ;mem;27205504
CCL;SHASHT;READ;run;0.131748
CCL;SHASHT;READ;user;0.128070
CCL;SHASHT;READ;sys;0.003969
CCL;SHASHT;READ;mem;27205504
CCL;SHASHT;READ;run;0.129484
CCL;SHASHT;READ;user;0.129791
CCL;SHASHT;READ;sys;0.000001
CCL;SHASHT;READ;mem;27205504
CCL;SHASHT;READ;run;0.125334
CCL;SHASHT;READ;user;0.125567
CCL;SHASHT;READ;sys;0.000030
CCL;SHASHT;READ;mem;27205504
CCL;SHASHT;READ;run;0.120107
CCL;SHASHT;READ;user;0.116558
CCL;SHASHT;READ;sys;0.004014
CCL;SHASHT;READ;mem;27205504
CCL;SHASHT;READ;run;0.121736
CCL;SHASHT;READ;user;0.122153
CCL;SHASHT;READ;sys;0.000015
CCL;SHASHT;READ;mem;27205504
CCL;SHASHT;WRITE;run;0.042630
CCL;SHASHT;WRITE;user;0.042606
CCL;SHASHT;WRITE;sys;0.000000
CCL;SHASHT;WRITE;mem;1934304
CCL;SHASHT;WRITE;run;0.041072
CCL;SHASHT;WRITE;user;0.041073
CCL;SHASHT;WRITE;sys;0.000000
CCL;SHASHT;WRITE;mem;1932080
CCL;SHASHT;WRITE;run;0.041917
CCL;SHASHT;WRITE;user;0.041856
CCL;SHASHT;WRITE;sys;0.000001
CCL;SHASHT;WRITE;mem;1932080
CCL;SHASHT;WRITE;run;0.042468
CCL;SHASHT;WRITE;user;0.042369
CCL;SHASHT;WRITE;sys;0.000000
CCL;SHASHT;WRITE;mem;1932080
CCL;SHASHT;WRITE;run;0.041226
CCL;SHASHT;WRITE;user;0.037244
CCL;SHASHT;WRITE;sys;0.003984
CCL;SHASHT;WRITE;mem;1932080
CCL;SHASHT;WRITE;run;0.041365
CCL;SHASHT;WRITE;user;0.041365
CCL;SHASHT;WRITE;sys;0.000000
CCL;SHASHT;WRITE;mem;1932080
CCL;SHASHT;WRITE;run;0.041316
CCL;SHASHT;WRITE;user;0.041311
CCL;SHASHT;WRITE;sys;0.000000
CCL;SHASHT;WRITE;mem;1932080
CCL;SHASHT;WRITE;run;0.041181
CCL;SHASHT;WRITE;user;0.041183
CCL;SHASHT;WRITE;sys;0.000000
CCL;SHASHT;WRITE;mem;1932080
CCL;SHASHT;WRITE;run;0.041154
CCL;SHASHT;WRITE;user;0.037179
CCL;SHASHT;WRITE;sys;0.003976
CCL;SHASHT;WRITE;mem;1932080
CCL;ST-JSON;READ;run;0.148524
CCL;ST-JSON;READ;user;0.148647
CCL;ST-JSON;READ;sys;0.000009
CCL;ST-JSON;READ;mem;17264672
CCL;ST-JSON;READ;run;0.152926
CCL;ST-JSON;READ;user;0.149087
CCL;ST-JSON;READ;sys;0.004024
CCL;ST-JSON;READ;mem;17264672
CCL;ST-JSON;READ;run;0.155902
CCL;ST-JSON;READ;user;0.155655
CCL;ST-JSON;READ;sys;0.000000
CCL;ST-JSON;READ;mem;17264672
CCL;ST-JSON;READ;run;0.156791
CCL;ST-JSON;READ;user;0.156175
CCL;ST-JSON;READ;sys;0.000000
CCL;ST-JSON;READ;mem;17264672
CCL;ST-JSON;READ;run;0.153088
CCL;ST-JSON;READ;user;0.148751
CCL;ST-JSON;READ;sys;0.003958
CCL;ST-JSON;READ;mem;17264672
CCL;ST-JSON;READ;run;0.142250
CCL;ST-JSON;READ;user;0.142516
CCL;ST-JSON;READ;sys;0.000000
CCL;ST-JSON;READ;mem;17264672
CCL;ST-JSON;READ;run;0.149126
CCL;ST-JSON;READ;user;0.149189
CCL;ST-JSON;READ;sys;0.000000
CCL;ST-JSON;READ;mem;17264672
CCL;ST-JSON;READ;run;0.143851
CCL;ST-JSON;READ;user;0.140125
CCL;ST-JSON;READ;sys;0.004003
CCL;ST-JSON;READ;mem;17264672
CCL;ST-JSON;READ;run;0.152946
CCL;ST-JSON;READ;user;0.152774
CCL;ST-JSON;READ;sys;0.000000
CCL;ST-JSON;READ;mem;17264672
CCL;ST-JSON;WRITE;run;0.024038
CCL;ST-JSON;WRITE;user;0.023991
CCL;ST-JSON;WRITE;sys;0.000000
CCL;ST-JSON;WRITE;mem;109584
CCL;ST-JSON;WRITE;run;0.024412
CCL;ST-JSON;WRITE;user;0.024296
CCL;ST-JSON;WRITE;sys;0.000000
CCL;ST-JSON;WRITE;mem;108576
CCL;ST-JSON;WRITE;run;0.024614
CCL;ST-JSON;WRITE;user;0.024494
CCL;ST-JSON;WRITE;sys;0.000000
CCL;ST-JSON;WRITE;mem;108576
CCL;ST-JSON;WRITE;run;0.024059
CCL;ST-JSON;WRITE;user;0.024018
CCL;ST-JSON;WRITE;sys;0.000000
CCL;ST-JSON;WRITE;mem;108576
CCL;ST-JSON;WRITE;run;0.025000
CCL;ST-JSON;WRITE;user;0.024997
CCL;ST-JSON;WRITE;sys;0.000000
CCL;ST-JSON;WRITE;mem;108576
CCL;ST-JSON;WRITE;run;0.024311
CCL;ST-JSON;WRITE;user;0.020421
CCL;ST-JSON;WRITE;sys;0.003890
CCL;ST-JSON;WRITE;mem;108576
CCL;ST-JSON;WRITE;run;0.024874
CCL;ST-JSON;WRITE;user;0.024887
CCL;ST-JSON;WRITE;sys;0.000000
CCL;ST-JSON;WRITE;mem;108576
CCL;ST-JSON;WRITE;run;0.025048
CCL;ST-JSON;WRITE;user;0.025048
CCL;ST-JSON;WRITE;sys;0.000002
CCL;ST-JSON;WRITE;mem;108576
CCL;ST-JSON;WRITE;run;0.023716
CCL;ST-JSON;WRITE;user;0.023718
CCL;ST-JSON;WRITE;sys;0.000000
CCL;ST-JSON;WRITE;mem;108576
CCL;YASON;READ;run;0.249345
CCL;YASON;READ;user;0.249809
CCL;YASON;READ;sys;0.000000
CCL;YASON;READ;mem;31804784
CCL;YASON;READ;run;0.235014
CCL;YASON;READ;user;0.235595
CCL;YASON;READ;sys;0.000007
CCL;YASON;READ;mem;31804784
CCL;YASON;READ;run;0.242459
CCL;YASON;READ;user;0.239082
CCL;YASON;READ;sys;0.003921
CCL;YASON;READ;mem;31804784
CCL;YASON;READ;run;0.229521
CCL;YASON;READ;user;0.230042
CCL;YASON;READ;sys;0.000000
CCL;YASON;READ;mem;31804784
CCL;YASON;READ;run;0.232009
CCL;YASON;READ;user;0.232582
CCL;YASON;READ;sys;0.000039
CCL;YASON;READ;mem;31804784
CCL;YASON;READ;run;0.272176
CCL;YASON;READ;user;0.250504
CCL;YASON;READ;sys;0.004046
CCL;YASON;READ;mem;31804784
CCL;YASON;READ;run;0.254725
CCL;YASON;READ;user;0.255090
CCL;YASON;READ;sys;0.000051
CCL;YASON;READ;mem;31804784
CCL;YASON;READ;run;0.239587
CCL;YASON;READ;user;0.239909
CCL;YASON;READ;sys;0.000000
CCL;YASON;READ;mem;31804784
CCL;YASON;READ;run;0.255254
CCL;YASON;READ;user;0.255618
CCL;YASON;READ;sys;0.000000
CCL;YASON;READ;mem;31804784
CCL;YASON;WRITE;run;0.080132
CCL;YASON;WRITE;user;0.080176
CCL;YASON;WRITE;sys;0.000000
CCL;YASON;WRITE;mem;3795280
CCL;YASON;WRITE;run;0.078711
CCL;YASON;WRITE;user;0.070785
CCL;YASON;WRITE;sys;0.007944
CCL;YASON;WRITE;mem;3792816
CCL;YASON;WRITE;run;0.081986
CCL;YASON;WRITE;user;0.078101
CCL;YASON;WRITE;sys;0.003968
CCL;YASON;WRITE;mem;3792816
CCL;YASON;WRITE;run;0.077387
CCL;YASON;WRITE;user;0.073400
CCL;YASON;WRITE;sys;0.004030
CCL;YASON;WRITE;mem;3792816
CCL;YASON;WRITE;run;0.077695
CCL;YASON;WRITE;user;0.077709
CCL;YASON;WRITE;sys;0.000008
CCL;YASON;WRITE;mem;3792816
CCL;YASON;WRITE;run;0.077387
CCL;YASON;WRITE;user;0.077360
CCL;YASON;WRITE;sys;0.000000
CCL;YASON;WRITE;mem;3792816
CCL;YASON;WRITE;run;0.079975
CCL;YASON;WRITE;user;0.080009
CCL;YASON;WRITE;sys;0.000000
CCL;YASON;WRITE;mem;3792816
CCL;YASON;WRITE;run;0.080096
CCL;YASON;WRITE;user;0.080131
CCL;YASON;WRITE;sys;0.000000
CCL;YASON;WRITE;mem;3792816
CCL;YASON;WRITE;run;0.079173
CCL;YASON;WRITE;user;0.079210
CCL;YASON;WRITE;sys;0.000000
CCL;YASON;WRITE;mem;3792816
